{"AAVE": 155.26, "ADA": 0.3493, "APE": 0.2026, "APT": 1.668, "AR": 3.418, "ARB": 0.1904, "ATOM": 2.019, "AVAX": 12.31, "AXS": 0.829, "BAT": 0.2134, "BCH": 596.83, "BLUR": 0.02812, "BNB": 833.64, "BONK": 7.85e-06, "BTC": 87203.08, "COMP": 26.03, "CRV": 0.3873, "DASH": 39.23, "DGB": 0.005774, "DENT": 0.0002029, "DOGE": 0.122, "DOT": 1.71, "EGLD": 6.098, "EOS": 0.175, "ETC": 11.67, "ETH": 2921.13, "FET": 0.2101, "FIL": 1.231, "FLOKI": 3.983e-05, "FLOW": 0.1733, "FTM": 0.07209, "GALA": 0.006043, "GLM": 0.1967, "GRT": 0.03621, "HBAR": 0.1111, "IMX": 0.2335, "INJ": 4.61, "IOST": 0.00159, "ICP": 2.981, "KAS": 0.04494, "KAVA": 0.07511, "KSM": 6.875, "LINK": 12.18, "LTC": 76.54, "MANA": 0.1166, "MATIC": 0.1995, "MKR": 1525.87, "NEO": 3.55, "NEAR": 1.519, "OMG": 0.08004, "ONT": 0.05338, "OP": 0.2648, "ORDI": 4.157, "PEPE": 4.01e-06, "QNT": 72.49, "QTUM": 1.202, "RNDR": 1.27, "ROSE": 0.01057, "RUNE": 0.5488, "SAND": 0.1111, "SEI": 0.11, "SHIB": 7.1e-06, "SNX": 0.4284, "SOL": 122.02, "STX": 0.2501, "SUSHI": 0.2809, "TIA": 0.4558, "THETA": 0.2597, "TRX": 0.2776, "UNI": 5.816, "VET": 0.01053, "XRP": 1.842, "XEM": 0.001228, "XLM": 0.2133, "XVS": 4.272, "ZEC": 441.0, "ZRX": 0.1206}